{
  "symptoms_only": {
    "metrics": {
      "auc": {
        "mean": 0.568,
        "std": 0.0864060183089118
      },
      "accuracy": {
        "mean": 0.56,
        "std": 0.04898979485566355
      },
      "precision": {
        "mean": 0.5650000000000001,
        "std": 0.05385164807134503
      },
      "recall_sensitivity": {
        "mean": 0.54,
        "std": 0.07999999999999997
      },
      "specificity": {
        "mean": 0.5800000000000001,
        "std": 0.09797958971132711
      },
      "f1": {
        "mean": 0.5490909090909091,
        "std": 0.05690231705614927
      }
    },
    "confusion_totals": [
      [
        29,
        21
      ],
      [
        23,
        27
      ]
    ]
  },
  "image_only": {
    "metrics": {
      "auc": {
        "mean": 0.648,
        "std": 0.13044539087296259
      },
      "accuracy": {
        "mean": 0.58,
        "std": 0.06
      },
      "precision": {
        "mean": 0.47888953152111047,
        "std": 0.24866665563917295
      },
      "recall_sensitivity": {
        "mean": 0.6,
        "std": 0.34058772731852804
      },
      "specificity": {
        "mean": 0.56,
        "std": 0.31368774282716244
      },
      "f1": {
        "mean": 0.5164476585236794,
        "std": 0.26172368717989114
      }
    },
    "confusion_totals": [
      [
        28,
        22
      ],
      [
        20,
        30
      ]
    ]
  },
  "fusion": {
    "metrics": {
      "auc": {
        "mean": 0.592,
        "std": 0.060133185513491574
      },
      "accuracy": {
        "mean": 0.51,
        "std": 0.08
      },
      "precision": {
        "mean": 0.40888888888888886,
        "std": 0.2105137748051563
      },
      "recall_sensitivity": {
        "mean": 0.6199999999999999,
        "std": 0.34292856398964494
      },
      "specificity": {
        "mean": 0.4,
        "std": 0.3521363372331802
      },
      "f1": {
        "mean": 0.4868571428571428,
        "std": 0.2541836071080293
      }
    },
    "confusion_totals": [
      [
        20,
        30
      ],
      [
        19,
        31
      ]
    ]
  }
}